<?xml version="1.0" encoding="UTF-8"?>
<beans xmlns="http://www.springframework.org/schema/beans"
	xmlns:xsi="http://www.w3.org/2001/XMLSchema-instance" xmlns:p="http://www.springframework.org/schema/p"
	xmlns:context="http://www.springframework.org/schema/context"
	xsi:schemaLocation="http://www.springframework.org/schema/beans
						http://www.springframework.org/schema/beans/spring-beans-3.0.xsd
					    http://www.springframework.org/schema/context
					    http://www.springframework.org/schema/context/spring-context-3.0.xsd">
	<!-- 扫描类包，将标注Spring注解的类自动转化Bean，同时完成Bean的注入 -->
	<context:component-scan base-package="com" />

	<!-- 添加其他的配置 -->

	<!--1、 PropertyPlaceholderConfigurer 属性占位符处理器 -->
	<bean
		class="org.springframework.beans.factory.config.PropertyPlaceholderConfigurer">
		<!-- location：数据库配置的属性文件 -->
		<property name="location" value="classpath:/jdbc.properties" />
	</bean>

	<!-- 再加上面的 PropertyPlaceholderConfigurer， 代替了将用户名密码等直接写在配置文件的数据源 使用apache的dbcp包管理数据源，使用其数据连接池,dbcp支持事务管理 -->
	<bean id="dataSource" class="org.apache.commons.dbcp.BasicDataSource"
		destroy-method="close">
		<property name="driverClassName" value="${jdbc.mysql.driver}" />
		<property name="url" value="${jdbc.mysql.url}" />
		<property name="username" value="${jdbc.mysql.username}" />
		<property name="password" value="${jdbc.mysql.password}" />
		<!-- 下面需要配置非必须， 数据库优化时使用 -->
		<property name="initialSize" value="${dataSource.initialSize}" />
		<property name="maxActive" value="${dataSource.maxActive}" />
		<property name="maxIdle" value="${dataSource.maxIdle}" />
		<property name="minIdle" value="${dataSource.minIdle}" />
		<property name="maxWait" value="${dataSource.maxWait}" />
		<property name="testWhileIdle" value="${dataSource.testWhileIdle}" />
		<property name="timeBetweenEvictionRunsMillis" value="${dataSource.timeBetweenEvictionRunsMillis}" />
		<property name="numTestsPerEvictionRun" value="${dataSource.numTestsPerEvictionRun}" />
		<property name="minEvictableIdleTimeMillis" value="${dataSource.minEvictableIdleTimeMillis}" />
		<property name="poolPreparedStatements" value="${dataSource.poolPreparedStatements}" />
		<property name="maxOpenPreparedStatements" value="${dataSource.maxOpenPreparedStatements}" />
		<property name="defaultAutoCommit" value="${dataSource.defaultAutoCommit}" />
		<property name="removeAbandoned" value="${dataSource.removeAbandoned}" />
		<property name="removeAbandonedTimeout" value="${dataSource.removeAbandonedTimeout}" />
		<property name="logAbandoned" value="${dataSource.logAbandoned}" />
		<!--客户端在使用一个无效的连接时会先对该连接进行测试，如果发现该连接已经无效，则重新从连接池获取有效数据库连接来使用。 -->
		<!-- 如果是oracle数据库，下面的validationQuery的value填为select * from dual -->
		<property name="validationQuery" value="select 1" /><!--这句很关键!!!,否则掉线后无法连接!!! -->
	</bean>

	<!-- 配置sqlSessionFactory 并读取mybatis的一些配置,采用原生配置， 下面必须用mapperLocations表示映射文件位置 
		也可以使用第三方的比如mybatisplus ： mybatis.mybatisplus.spring.MybatisSqlSessionFactoryBean -->
	<bean id="sqlSessionFactory" class="org.mybatis.spring.SqlSessionFactoryBean">
		<property name="dataSource" ref="dataSource" />
		<property name="configLocation" value="classpath:/mybatis-config.xml" />
		<!-- 在上面的MyBatis总配置文件mybatis-config.xml中指定SQL映射文件，必须逐个列出所有的SQL映射文件 所以使用 
			mapperLocations属性，扫描式加载SQL映射文件 -->
		<property name="mapperLocations" value="classpath:/mybatis/*.xml" />
	</bean>

	<!-- 使用动扫描 将Mapper接口(dao接口)生成代理注入到Spring时，不用dao接口的实现类的 -->
	<bean class="org.mybatis.spring.mapper.MapperScannerConfigurer">
		<property name="basePackage" value="com.evloution.*.dao" />
		<property name="sqlSessionFactoryBeanName" value="sqlSessionFactory" />
	</bean>

	<bean class="org.mybatis.spring.SqlSessionTemplate">
		<constructor-arg ref="sqlSessionFactory"></constructor-arg>
	</bean>
	
</beans>
